course,program,duration,nos,emgs,misc,ttf,Intake,description,remarks,discount,doc_title,doc_link,id
Bachelor of Accountancy with Honours,Bachelor,4 Years,8,1850,6152,56848,Feb/Sep,,,,,,51
Bachelor of Management (Marketing) with Honours,Bachelor,4 Years,8,1850,6152,56848,Feb/Sep,,,,,,51
Bachelor of Accountancy with Honours With Foundation,Bachelor,4.5 Years,9,1850,7569,60648,Feb/Sep,,,,,,51
Bachelor of Management (Marketing) with Honours With Foundation,Bachelor,4.5 Years,9,1850,7569,60648,Feb/Sep,,,,,,51
Bachelor of Science in Architecture with Honours,Bachelor,3 Years,6,1850,6152,45468,Feb/Sep,,,,,,51
Bachelor of Science in Architecture with Honours With Foundation,Bachelor,3.5 Years,7,1850,7569,49408,Feb/Sep,,,,,,51
Bachelor of Computer Science (Computer Networks and Security) with Honours,Bachelor,4 Years,8,1850,6152,64848,Feb/Sep,,,,,,51
Bachelor of Computer Science (Graphics and Multimedia Software) with Honours,Bachelor,4 Years,8,1850,6152,64848,Feb/Sep,,,,,,51
Bachelor of Computer Science (Computer Networks and Security) with Honours With Foundation,Bachelor,4.5 Years,9,1850,7569,68748,Feb/Sep,,,,,,51
Bachelor of Computer Science (Graphics and Multimedia Software) with Honours With Foundation,Bachelor,4.5 Years,9,1850,7569,68748,Feb/Sep,,,,,,51
Bachelor of Education (Teaching English as a Second Language) with Honours,Bachelor,4 Years,8,1850,6152,48848,Feb/Sep,,,,,,51
Bachelor of Education (Teaching English as a Second Language) with Honours With Foundation,Bachelor,4.5 Years,9,1850,7569,52748,Feb/Sep,,,,,,51
Bachelor of Biomedical Engineering with Honours,Bachelor,4 Years,8,1850,6152,68848,Feb/Sep,,,,,,51
Bachelor of Chemical Engineering with Honours,Bachelor,4 Years,8,1850,6152,68848,Feb/Sep,,,,,,51
Bachelor of Nuclear Engineering with Honours,Bachelor,4 Years,8,1850,6152,68848,Feb/Sep,,,,,,51
Bachelor of Chemical Engineering (Bioprocess) with Honours,Bachelor,4 Years,8,1850,6152,68848,Feb/Sep,,,,,,51
Bachelor of Chemical Engineering (Gas) with Honours,Bachelor,4 Years,8,1850,6152,68848,Feb/Sep,,,,,,51
Bachelor of Petroleum Engineering with Honours,Bachelor,4 Years,8,1850,6152,68848,Feb/Sep,,,,,,51
Bachelor of Civil Engineering with Honours,Bachelor,4 Years,8,1850,6152,68848,Feb/Sep,,,,,,51
Bachelor of Computer Science (Software Engineering) with Honours,Bachelor,4 Years,8,1850,6152,68848,Feb/Sep,,,,,,51
Bachelor of Electronic Engineering with Honours,Bachelor,4 Years,8,1850,6152,68848,Feb/Sep,,,,,,51
Bachelor of Electrical Engineering with Honours,Bachelor,4 Years,8,1850,6152,68848,Feb/Sep,,,,,,51
Bachelor of Engineering (Electrical - Mechatronics),Bachelor,4 Years,8,1850,6152,68848,Feb/Sep,,,,,,51
Bachelor of Mechanical Engineering with Honours,Bachelor,4 Years,8,1850,6152,68848,Feb/Sep,,,,,,51
Bachelor of Mechanical Engineering (Materials) with Honours,Bachelor,4 Years,8,1850,6152,68848,Feb/Sep,,,,,,51
Bachelor of Mechanical Engineering (Industrial) with Honours,Bachelor,4 Years,8,1850,6152,68848,Feb/Sep,,,,,,51
Bachelor of Mechanical Engineering (Aeronautics) with Honours,Bachelor,4 Years,8,1850,6152,68848,Feb/Sep,,,,,,51
Bachelor of Mechanical Engineering (Automotive) with Honours,Bachelor,4 Years,8,1850,6152,68848,Feb/Sep,,,,,,51
Bachelor of Mechanical Engineering (Manufacturing) with Honours,Bachelor,4 Years,8,1850,6152,68848,Feb/Sep,,,,,,51
Bachelor of Naval Architecture & Offshore Engineering with Honours,Bachelor,4 Years,8,1850,6152,56848,Feb/Sep,,,,,,51
Bachelor of Biomedical Engineering with Honours With Foundation,Bachelor,4.5 Years,9,1850,7569,72431,Feb/Sep,,,,,,51
Bachelor of Chemical Engineering with Honours With Foundation,Bachelor,4.5 Years,9,1850,7569,72431,Feb/Sep,,,,,,51
Bachelor of Nuclear Engineering with Honours With Foundation,Bachelor,4.5 Years,9,1850,7569,72431,Feb/Sep,,,,,,51
Bachelor of Chemical Engineering (Bioprocess) with Honours With Foundation,Bachelor,4.5 Years,9,1850,7569,72431,Feb/Sep,,,,,,51
Bachelor of Chemical Engineering (Gas) with Honours With Foundation,Bachelor,4.5 Years,9,1850,7569,72431,Feb/Sep,,,,,,51
Bachelor of Petroleum Engineering with Honours With Foundation,Bachelor,4.5 Years,9,1850,7569,72431,Feb/Sep,,,,,,51
Bachelor of Civil Engineering with Honours With Foundation,Bachelor,4.5 Years,9,1850,7569,72431,Feb/Sep,,,,,,51
Bachelor of Computer Science (Software Engineering) with Honours With Foundation,Bachelor,4.5 Years,9,1850,7569,72431,Feb/Sep,,,,,,51
Bachelor of Electronic Engineering with Honours With Foundation,Bachelor,4.5 Years,9,1850,7569,72431,Feb/Sep,,,,,,51
Bachelor of Electrical Engineering with Honours With Foundation,Bachelor,4.5 Years,9,1850,7569,72431,Feb/Sep,,,,,,51
Bachelor of Engineering (Electrical - Mechatronics) With Foundation,Bachelor,4.5 Years,9,1850,7569,72431,Feb/Sep,,,,,,51
Bachelor of Mechanical Engineering with Honours With Foundation,Bachelor,4.5 Years,9,1850,7569,72431,Feb/Sep,,,,,,51
Bachelor of Mechanical Engineering (Materials) with Honours With Foundation,Bachelor,4.5 Years,9,1850,7569,72431,Feb/Sep,,,,,,51
Bachelor of Mechanical Engineering (Industrial) with Honours With Foundation,Bachelor,4.5 Years,9,1850,7569,72431,Feb/Sep,,,,,,51
Bachelor of Mechanical Engineering (Aeronautics) with Honours With Foundation,Bachelor,4.5 Years,9,1850,7569,72431,Feb/Sep,,,,,,51
Bachelor of Mechanical Engineering (Automotive) with Honours With Foundation,Bachelor,4.5 Years,9,1850,7569,72431,Feb/Sep,,,,,,51
Bachelor of Mechanical Engineering (Manufacturing) with Honours With Foundation,Bachelor,4.5 Years,9,1850,7569,72431,Feb/Sep,,,,,,51
Bachelor of Naval Architecture & Offshore Engineering with Honours With Foundation,Bachelor,4.5 Years,9,1850,7569,72431,Feb/Sep,,,,,,51
Bachelor of Electronic System Engineering (MJIIT ),Bachelor,4 Years,8,1850,6152,68848,Feb/Sep,,,,,,51
Bachelor of Mechanical Precision Engineering (MJIIT),Bachelor,4 Years,8,1850,6152,68848,Feb/Sep,,,,,,51
Bachelor of Chemical Process Engineering (MJIIT),Bachelor,4 Years,8,1850,6152,68848,Feb/Sep,,,,,,51
Bachelor of Computer Science (Software Engineering) (MJIIT),Bachelor,4 Years,8,1850,6152,69848,Feb/Sep,,,,,,51
Bachelor of Electronic System Engineering (MJIIT ) With Foundation,Bachelor,4.5 Years,9,1850,7569,72748,Feb/Sep,,,,,,51
Bachelor of Mechanical Precision Engineering (MJIIT) With Foundation,Bachelor,4.5 Years,9,1850,7569,72748,Feb/Sep,,,,,,51
Bachelor of Chemical Process Engineering (MJIIT) With Foundation,Bachelor,4.5 Years,9,1850,7569,72748,Feb/Sep,,,,,,51
Bachelor of Computer Science (Software Engineering) (MJIIT) With Foundation,Bachelor,4.5 Years,9,1850,7569,73748,Feb/Sep,,,,,,51
Bachelor of Management (Technology) with Honours,Bachelor,4 Years,8,1850,6152,56848,Feb/Sep,,,,,,51
Bachelor of Science (Human Resourse Development) With Honours,Bachelor,4 Years,8,1850,6152,56848,Feb/Sep,,,,,,51
Bachelor of Psychology with Human Resource Development with Honours,Bachelor,4 Years,8,1850,6152,56848,Feb/Sep,,,,,,51
Bachelor of Management (Technology) with Honours With Foundation,Bachelor,4.5 Years,9,1850,7569,60748,Feb/Sep,,,,,,51
Bachelor of Science (Human Resourse Development) With Honours With Foundation,Bachelor,4.5 Years,9,1850,7569,60748,Feb/Sep,,,,,,51
Bachelor of Psychology with Human Resource Development with Honours With Foundation,Bachelor,4.5 Years,9,1850,7569,60748,Feb/Sep,,,,,,51
Bachelor of Science (Biology) with Honours,Bachelor,4 Years,8,1850,6152,56848,Feb/Sep,,,,,,51
Bachelor of Science (Chemistry) with Honours,Bachelor,4 Years,8,1850,6152,56848,Feb/Sep,,,,,,51
Bachelor of Science (Mathematics) with Honours,Bachelor,4 Years,8,1850,6152,56848,Feb/Sep,,,,,,51
Bachelor of Science (Physics) with Honours,Bachelor,4 Years,8,1850,6152,56848,Feb/Sep,,,,,,51
Bachelor of Science (Industrial Biology) with Honours,Bachelor,4 Years,8,1850,6152,56848,Feb/Sep,,,,,,51
Bachelor of Science (Industrial Chemistry) with Honours,Bachelor,4 Years,8,1850,6152,56848,Feb/Sep,,,,,,51
Bachelor of Science (Industrial Mathematics) with Honours,Bachelor,4 Years,8,1850,6152,56848,Feb/Sep,,,,,,51
Bachelor of Science (Industrial Physics) with Honours,Bachelor,4 Years,8,1850,6152,56848,Feb/Sep,,,,,,51
Bachelor of Science (Biology) with Honours With Foundation,Bachelor,4.5 Years,9,1850,7569,60748,Feb/Sep,,,,,,51
Bachelor of Science (Chemistry) with Honours With Foundation,Bachelor,4.5 Years,9,1850,7569,60748,Feb/Sep,,,,,,51
Bachelor of Science (Mathematics) with Honours With Foundation,Bachelor,4.5 Years,9,1850,7569,60748,Feb/Sep,,,,,,51
Bachelor of Science (Physics) with Honours With Foundation,Bachelor,4.5 Years,9,1850,7569,60748,Feb/Sep,,,,,,51
Bachelor of Science (Industrial Biology) with Honours With Foundation,Bachelor,4.5 Years,9,1850,7569,60748,Feb/Sep,,,,,,51
Bachelor of Science (Industrial Chemistry) with Honours With Foundation,Bachelor,4.5 Years,9,1850,7569,60748,Feb/Sep,,,,,,51
Bachelor of Science (Industrial Mathematics) with Honours With Foundation,Bachelor,4.5 Years,9,1850,7569,60748,Feb/Sep,,,,,,51
Bachelor of Science (Industrial Physics) with Honours With Foundation,Bachelor,4.5 Years,9,1850,7569,60748,Feb/Sep,,,,,,51
Bachelor of Quantity Surveying with Honours,Bachelor,4 Years,8,1850,6152,56448,Feb/Sep,,,,,,51
Bachelor of Urban and Regional Planning with Honours,Bachelor,4 Years,8,1850,6152,56448,Feb/Sep,,,,,,51
Bachelor of Landscape Architecture with Honours,Bachelor,4 Years,8,1850,6152,56448,Feb/Sep,,,,,,51
Bachelor of Science in Land Administration and Development with Honours,Bachelor,4 Years,8,1850,6152,56448,Feb/Sep,,,,,,51
Bachelor of Science ( Industrial Design ) with Honours KL campus,Bachelor,4 Years,8,1850,6152,56448,Feb/Sep,,,,,,51
Bachelor of Quantity Surveying with Honours With Foundation,Bachelor,4.5 Years,9,1850,7569,60748,Feb/Sep,,,,,,51
Bachelor of Urban and Regional Planning with Honours With Foundation,Bachelor,4.5 Years,9,1850,7569,60748,Feb/Sep,,,,,,51
Bachelor of Landscape Architecture with Honours With Foundation,Bachelor,4.5 Years,9,1850,7569,60748,Feb/Sep,,,,,,51
Bachelor of Science in Land Administration and Development with Honours With Foundation,Bachelor,4.5 Years,9,1850,7569,60748,Feb/Sep,,,,,,51
Bachelor of Science ( Industrial Design ) with Honours KL campus With Foundation,Bachelor,4.5 Years,9,1850,7569,60748,Feb/Sep,,,,,,51
Bachelor of Science in Construction with Honours,Bachelor,4 Years,8,1850,6152,52848,Feb/Sep,,,,,,51
Bachelor of Geomatics Engineering with Honours,Bachelor,4 Years,8,1850,6152,52848,Feb/Sep,,,,,,51
Bachelor of Science Geoinformatics with Honours,Bachelor,4 Years,8,1850,6152,52848,Feb/Sep,,,,,,51
Bachelor of Science in Property Management with Honours,Bachelor,4 Years,8,1850,6152,52848,Feb/Sep,,,,,,51
Bachelor of Science in Construction with Honours With Foundation,Bachelor,4.5 Years,9,1850,7569,56748,Feb/Sep,,,,,,51
Bachelor of Geomatics Engineering with Honours With Foundation,Bachelor,4.5 Years,9,1850,7569,56748,Feb/Sep,,,,,,51
Bachelor of Science Geoinformatics with Honours With Foundation,Bachelor,4.5 Years,9,1850,7569,56748,Feb/Sep,,,,,,51
Bachelor of Science in Property Management with Honours With Foundation,Bachelor,4.5 Years,9,1850,7569,56748,Feb/Sep,,,,,,51
Master of Science Biomedical Engineering,Masters,1.5 Years,3,2000,,31000,Feb/Sep,,,,,,51
Master of Engineering (Civil),Masters,1.5 Years,3,2000,,31000,Feb/Sep,,,,,,51
Master of Engineering (Construction Management),Masters,1.5 Years,3,2000,,31000,Feb/Sep,,,,,,51
Master of Engineering (Environmental Management),Masters,1.5 Years,3,2000,,31000,Feb/Sep,,,,,,51
Master of Engineering (Goetechnics),Masters,1.5 Years,3,2000,,31000,Feb/Sep,,,,,,51
Master of Engineering (Hydraulics and Hydrology),Masters,1.5 Years,3,2000,,31000,Feb/Sep,,,,,,51
Master of Engineering (Structure),Masters,1.5 Years,3,2000,,31000,Feb/Sep,,,,,,51
Master of Engineering (Transportation),Masters,1.5 Years,3,2000,,31000,Feb/Sep,,,,,,51
Master of Forensic Engineering,Masters,1.5 Years,3,2000,,31000,Feb/Sep,,,,,,51
Master of Project Management,Masters,1.5 Years,3,2000,,26500,Feb/Sep,,,,,,51
Master of Science Information Security,Masters,1.5 Years,3,2000,,26500,Feb/Sep,,,,,,51
Master of Science (Data Science),Masters,1.5 Years,3,2000,,31000,Feb/Sep,,,,,,51
Master of Engineering (Computer and Microelectronic System),Masters,1.5 Years,3,2000,,31000,Feb/Sep,,,,,,51
Master of Engineering (Electronic and Telecomunications),Masters,1.5 Years,3,2000,,31000,Feb/Sep,,,,,,51
Master of Engineering (Mechatronics and Automatic Control),Masters,1.5 Years,3,2000,,31000,Feb/Sep,,,,,,51
Master of Engineering (Electrical Power),Masters,1.5 Years,3,2000,,31000,Feb/Sep,,,,,,51
Master of Engineering (Wireless Communication and Network),Masters,1.5 Years,3,2000,,31000,Feb/Sep,,,,,,51
Master of Science Advanced Manufacturing Technology,Masters,1.5 Years,3,2000,,26500,Feb/Sep,,,,,,51
Master of Science Industrial Engineering,Masters,1.5 Years,3,2000,,31000,Feb/Sep,,,,,,51
Master of Science Mechanical Engineering,Masters,1.5 Years,3,2000,,31000,Feb/Sep,,,,,,51
Master of Science Materials Engineering,Masters,1.5 Years,3,2000,,31000,Feb/Sep,,,,,,51
Master of Science Ship and Offshore Engineering,Masters,1.5 Years,3,2000,,31000,Feb/Sep,,,,,,51
Master of Science Aeronautical Engineering,Masters,1.5 Years,3,2000,,31000,Feb/Sep,,,,,,51
Master of Science Automotive Engineering,Masters,1.5 Years,3,2000,,31000,Feb/Sep,,,,,,51
Engineering Doctorate (Construction Technology and Management) (Mixed mode),PhD,1.5 Years,3,2000,,31000,Feb/Sep,,,,,,51
Master of Science Polymer Technology -  Mixed Mode,Masters,1.5 Years,3,2000,,26500,Feb/Sep,,,,,,51
Master of Engineering in Environmental -  Mixed Mode,Masters,1.5 Years,3,2000,,31000,Feb/Sep,,,,,,51
Master of Computer Science -  Mixed Mode,Masters,1.5 Years,3,2000,,26500,Feb/Sep,,,,,,51
Master of Philosophy Biomedical Engineering -Research,Masters,2 Years,4,2000,,28400,Feb/Sep,,,,,,51
Master of Philosophy Rehabilitation Technology -Research,Masters,2 Years,4,2000,,25400,Feb/Sep,,,,,,51
Master of Philosophy Bioscience -Research,Masters,2 Years,4,2000,,28400,Feb/Sep,,,,,,51
Doctor of Philosophy Biomedical Engineering,PhD,3 Years,6,2000,,48600,Feb/Sep,,,,,,51
Doctor of Philosophy Health Science,PhD,3 Years,6,2000,,48600,Feb/Sep,,,,,,51
Master of Philosophy Coastal and Maritime-Research,Masters,2 Years,4,2000,,28400,Feb/Sep,,,,,,51
Master of Philosophy Construction -Research,Masters,2 Years,4,2000,,28400,Feb/Sep,,,,,,51
Master of Philosophy Environment -Research,Masters,2 Years,4,2000,,28400,Feb/Sep,,,,,,51
Master of Philosophy Geotechnics -Research,Masters,2 Years,4,2000,,28400,Feb/Sep,,,,,,51
Master of Philosophy Highway and Trafic -Research,Masters,2 Years,4,2000,,28400,Feb/Sep,,,,,,51
Master of Philosophy Hydraulics -Research,Masters,2 Years,4,2000,,28400,Feb/Sep,,,,,,51
Master of Philosophy Hydrology and Water Resources -Research,Masters,2 Years,4,2000,,28400,Feb/Sep,,,,,,51
Master of Philosophy Materials -Research,Masters,2 Years,4,2000,,28400,Feb/Sep,,,,,,51
Master of Philosophy Structure and Materials -Research,Masters,2 Years,4,2000,,28400,Feb/Sep,,,,,,51
Master of Philosophy Structure -Research,Masters,2 Years,4,2000,,28400,Feb/Sep,,,,,,51
Master of Philosophy Transportation -Research,Masters,2 Years,4,2000,,28400,Feb/Sep,,,,,,51
Doctor of Philosophy Civil Engineering -Research,PhD,3 Years,6,2000,,51600,Feb/Sep,,,,,,51
Master  of Philosophy Gas Engineering -Research,Masters,2 Years,4,2000,,28400,Feb/Sep,,,,,,51
Master of Polymer Engineering -Research,Masters,2 Years,4,2000,,28400,Feb/Sep,,,,,,51
Master of Philosophy Environmental Engineering -Research,Masters,2 Years,4,2000,,28400,Feb/Sep,,,,,,51
Master  of Philosophy Petroleum Engineering -Research,Masters,2 Years,4,2000,,28400,Feb/Sep,,,,,,51
Master  of Philosophy Chemical Enginering -Research,Masters,2 Years,4,2000,,28400,Feb/Sep,,,,,,51
Master  of Philosophy Bioprocess Engineering -Research,Masters,2 Years,4,2000,,28400,Feb/Sep,,,,,,51
Doctor of Philosophy Gas Engineering ,PhD,3 Years,6,2000,,51600,Feb/Sep,,,,,,51
Doctor of Polymer Engineering ,PhD,3 Years,6,2000,,51600,Feb/Sep,,,,,,51
Doctor of Philosophy Environmental Engineering,PhD,3 Years,6,2000,,51600,Feb/Sep,,,,,,51
Doctor of Philosophy Petroleum Engineering ,PhD,3 Years,6,2000,,51600,Feb/Sep,,,,,,51
Doctor of Philosophy Chemical Enginering ,PhD,3 Years,6,2000,,51600,Feb/Sep,,,,,,51
Doctor of Philosophy Bioprocess Engineering ,PhD,3 Years,6,2000,,51600,Feb/Sep,,,,,,51
Master of Philosophy Software Engineering -Research,Masters,2 Years,4,2000,,28400,Feb/Sep,,,,,,51
Master of Philosophy Computer Science -Research,Masters,2 Years,4,2000,,25400,Feb/Sep,,,,,,51
Doctor of Philosophy Computer Science,PhD,3 Years,6,2000,,48500,Feb/Sep,,,,,,51
Doctor of Philosophy Software Engineering,PhD,3 Years,6,2000,,51600,Feb/Sep,,,,,,51
Doctor of Philosophy Informatic Engineering,PhD,3 Years,6,2000,,51600,Feb/Sep,,,,,,51
Master of Philosophy Electrical Engineering -Research,Masters,2 Years,4,2000,,28400,Feb/Sep,,,,,,51
Doctor of Philosophy Electrical Engineering,PhD,3 Years,6,2000,,51600,Feb/Sep,,,,,,51
Master of Philosophy Mechanical Engineering -Research,Masters,2 Years,4,2000,,28400,Feb/Sep,,,,,,51
Master of Philosophy Marine Technology -Research,Masters,2 Years,4,2000,,28400,Feb/Sep,,,,,,51
Doctor of Philosophy Mechanical Engineering,PhD,3 Years,6,2000,,51600,Feb/Sep,,,,,,51
Master of Education (Chemistry Education),Masters,1.5 Years,3,2000,,26500,Feb/Sep,,,,,,51
Master of Education (Curriculum and Instruction),Masters,1.5 Years,3,2000,,26500,Feb/Sep,,,,,,51
Master of Education (Education and Development),Masters,1.5 Years,3,2000,,26500,Feb/Sep,,,,,,51
Master of Educational (Educational Psychology),Masters,1.5 Years,3,2000,,26500,Feb/Sep,,,,,,51
Master of Education (Educational Technology),Masters,1.5 Years,3,2000,,26500,Feb/Sep,,,,,,51
Master of Education (Guidance and Counselling),Masters,1.5 Years,3,2000,,26500,Feb/Sep,,,,,,51
Master of Education (Management and Administration),Masters,1.5 Years,3,2000,,26500,Feb/Sep,,,,,,51
Master of Education (Mathematics Education),Masters,1.5 Years,3,2000,,26500,Feb/Sep,,,,,,51
Master of Education (Measurement and Evaluation),Masters,1.5 Years,3,2000,,26500,Feb/Sep,,,,,,51
Master of Education (Physics Education),Masters,1.5 Years,3,2000,,26500,Feb/Sep,,,,,,51
Master of Education (Teaching English as a Second Language - TESL),Masters,1.5 Years,3,2000,,26500,Feb/Sep,,,,,,51
Master of Education (Technical and Vocational Education),Masters,1.5 Years,3,2000,,26500,Feb/Sep,,,,,,51
Master of Human Resource Development -  Mixed Mode,Masters,1.5 Years,3,2000,,26500,Feb/Sep,,,,,,51
Master of Language in Communication and Digital Culture,Masters,1.5 Years,3,2000,,26500,Feb/Sep,,,,,,51
Master  of Philosophy Curriculum and Instruction,Masters,2 Years,4,2000,,25400,Feb/Sep,,,,,,51
Master  of Philosophy Education and Development,Masters,2 Years,4,2000,,25400,Feb/Sep,,,,,,51
Master  of Philosophy Education Psychology,Masters,2 Years,4,2000,,25400,Feb/Sep,,,,,,51
Master of Philosophy Education Technology,Masters,2 Years,4,2000,,25400,Feb/Sep,,,,,,51
Master  of Philosophy Guidance and Counselling in Education,Masters,2 Years,4,2000,,25400,Feb/Sep,,,,,,51
Master of Philosophy Management and Administration in Education,Masters,2 Years,4,2000,,25400,Feb/Sep,,,,,,51
Master  of Philosophy Mathematics Education,Masters,2 Years,4,2000,,25400,Feb/Sep,,,,,,51
Master  of Philosophy Measurement and Evaluation in Education,Masters,2 Years,4,2000,,25400,Feb/Sep,,,,,,51
Master  of Philosophy Multimedia Education,Masters,2 Years,4,2000,,25400,Feb/Sep,,,,,,51
Master of Philosophy Online Learning,Masters,2 Years,4,2000,,25400,Feb/Sep,,,,,,51
Master of Philosophy Physics Education,Masters,2 Years,4,2000,,25400,Feb/Sep,,,,,,51
Master  of Philosophy Teaching English as a Second Language (TESL),Masters,2 Years,4,2000,,25400,Feb/Sep,,,,,,51
Master  of Philosophy Technical and Vocational Education,Masters,2 Years,4,2000,,25400,Feb/Sep,,,,,,51
Master of Language in Communication and Digital Culture,Masters,2 Years,4,2000,,25400,Feb/Sep,,,,,,51
Doctor of Philosophy Curriculum and Instruction,PhD,3 Years,6,2000,,48600,Feb/Sep,,,,,,51
Doctor of Philosophy Education and Development,PhD,3 Years,6,2000,,48600,Feb/Sep,,,,,,51
Doctor of Philosophy Education Psychology,PhD,3 Years,6,2000,,48600,Feb/Sep,,,,,,51
Doctor of Philosophy Education Technology,PhD,3 Years,6,2000,,48600,Feb/Sep,,,,,,51
Doctor of Philosophy Guidance and Counselling in Education,PhD,3 Years,6,2000,,48600,Feb/Sep,,,,,,51
Doctor of Philosophy Management and Administration in Education,PhD,3 Years,6,2000,,48600,Feb/Sep,,,,,,51
Doctor of Philosophy Mathematics Education,PhD,3 Years,6,2000,,48600,Feb/Sep,,,,,,51
Doctor of Philosophy Measurement and Evaluation in Education,PhD,3 Years,6,2000,,48600,Feb/Sep,,,,,,51
Doctor of Philosophy Multimedia Education,PhD,3 Years,6,2000,,48600,Feb/Sep,,,,,,51
Doctor of Philosophy Online Learning,PhD,3 Years,6,2000,,48600,Feb/Sep,,,,,,51
Doctor of Philosophy Physics Education,PhD,3 Years,6,2000,,48600,Feb/Sep,,,,,,51
Doctor of Philosophy Teaching English as a Second Language (TESL),PhD,3 Years,6,2000,,48600,Feb/Sep,,,,,,51
Doctor of Philosophy Technical and Vocational Education,PhD,3 Years,6,2000,,48600,Feb/Sep,,,,,,51
Master of Philosophy Human Resource Development -Research,Masters,2 Years,4,2000,,25400,Feb/Sep,,,,,,51
Doctor of Philosophy (HRM),PhD,3 Years,6,2000,,48600,Feb/Sep,,,,,,51
Master of Philosophy Halal Science - Reasearch,Masters,2 Years,4,2000,,25400,Feb/Sep,,,,,,51
Doctor of Philosophy Fiqh Science and Technology,PhD,3 Years,6,2000,,48600,Feb/Sep,,,,,,51
Master of Architecture,Masters,1.5 Years,3,2000,,29500,Feb/Sep,,,,,,51
Master of Science Construction Contract Management,Masters,1.5 Years,3,2000,,26500,Feb/Sep,,,,,,51
Master of Science Tourism Planning,Masters,1.5 Years,3,2000,,26500,Feb/Sep,,,,,,51
Master of Transportation Planning,Masters,1.5 Years,3,2000,,26500,Feb/Sep,,,,,,51
Master of Science Urban and Regional Planning,Masters,1.5 Years,3,2000,,26500,Feb/Sep,,,,,,51
Master of Asset and Facilities Management,Masters,1.5 Years,3,2000,,26500,Feb/Sep,,,,,,51
Master of Science Geoinformatics,Masters,1.5 Years,3,2000,,26500,Feb/Sep,,,,,,51
Master of Science Remote Sensing,Masters,1.5 Years,3,2000,,26500,Feb/Sep,,,,,,51
Master of Science Geomatic Engineering,Masters,1.5 Years,3,2000,,26500,Feb/Sep,,,,,,51
Master of Science Real Estate,Masters,1.5 Years,3,2000,,26500,Feb/Sep,,,,,,51
Master of Science Land Administration and Development,Masters,1.5 Years,3,2000,,26500,Feb/Sep,,,,,,51
Master of Science Chemistry,Masters,1.5 Years,3,2000,,28500,Feb/Sep,,,,,,51
Master of Science Biotechnology,Masters,1.5 Years,3,2000,,28500,Feb/Sep,,,,,,51
Master of Science Forensic Science,Masters,1.5 Years,3,2000,,28500,Feb/Sep,,,,,,51
Master of Science Mathematics,Masters,1.5 Years,3,2000,,28500,Feb/Sep,,,,,,51
Master of Science Engineering Mathematics,Masters,1.5 Years,3,2000,,28500,Feb/Sep,,,,,,51
Master of Science Physics,Masters,1.5 Years,3,2000,,28500,Feb/Sep,,,,,,51
Master of Philosophy Chemistry  -Research,Masters,2 Years,4,2000,,28400,Feb/Sep,,,,,,51
Master of Philosophy Physics -Research,Masters,2 Years,4,2000,,28400,Feb/Sep,,,,,,51
Master  of Philosophy Mathematics -Research,Masters,2 Years,4,2000,,28400,Feb/Sep,,,,,,51
Master  of Philosophy Bioscience -Research,Masters,2 Years,4,2000,,28400,Feb/Sep,,,,,,51
Doctor of Philosophy Chemistry,PhD,3 Years,6,2000,,48600,Feb/Sep,,,,,,51
Doctor of Philosophy Physics,PhD,3 Years,6,2000,,48600,Feb/Sep,,,,,,51
Doctor of Philosophy Mathematics,PhD,3 Years,6,2000,,48600,Feb/Sep,,,,,,51
Doctor of Philosophy Bioscience,PhD,3 Years,6,2000,,48600,Feb/Sep,,,,,,51
Master of Business Administration,Masters,1.5 Years,3,2000,,32154,Feb/Sep,,,,,,51
Master of Science (Information Technology Entrepreneurship),Masters,1.5 Years,3,2000,,30095,Feb/Sep,,,,,,51
Master of Management (Technology Management) -  Mixed Mode,Masters, 2 Years,4,2000,,30095,Feb/Sep,,,,,,51
Master of Information Technology (Information Technology Management)-  Mixed Mode,Masters, 2 Years,4,2000,,30095,Feb/Sep,,,,,,51
Executive Master Occupational Safety and Health Management,Masters,1.5 Years,3,2000,,37204,Feb/Sep,,,,,,51
Master of Science Computer Systems Engineering,Masters,1.5 Years,3,2000,,31554,Feb/Sep,,,,,,51
Master of Science Systems Engineering,Masters,1.5 Years,3,2000,,31554,Feb/Sep,,,,,,51
Master of Science Informatics,Masters,1.5 Years,3,2000,,26204,Feb/Sep,,,,,,51
Master of Science Business Intelligence and Analytics,Masters,1.5 Years,3,2000,,26204,Feb/Sep,,,,,,51
Master of Science Information Assurance,Masters,1.5 Years,3,2000,,26204,Feb/Sep,,,,,,51
Master of Science Technology and Innovation Policy,Masters,1.5 Years,3,2000,,30000,Feb/Sep,,,,,,51
Master of Science Engineering Business Management,Masters,1.5 Years,3,2000,,33504,Feb/Sep,,,,,,51
Master of Science Engineering Education,Masters,1.5 Years,3,2000,,31554,Feb/Sep,,,,,,51
Master of Science Engineering Design,Masters,1.5 Years,3,2000,,33554,Feb/Sep,,,,,,51
Master of Science Sustainable Urban Design,Masters,1.5 Years,3,2000,,26769,Feb/Sep,,,,,,51
Master of Professional Science,Masters,1.5 Years,3,2000,,29554,Feb/Sep,,,,,,51
Master of Software Engineering,Masters,1.5 Years,3,2000,,26204,Feb/Sep,,,,,,51
Master of Science Sustainable Infrastructure,Masters,1.5 Years,3,2000,,33554,Feb/Sep,,,,,,51
Master of Philosophy (Industrial Design) - Research,Masters,2 Years,4,2000,,30000,Feb/Sep,,,,,,51
Master of Risk Disaster Management,Masters,1.5 Years,3,2000,,36004,Feb/Sep,,,,,,51
Master of Sustainability and Environment Science (Joint Degree),Masters,1.5 Years,3,2000,,36004,Feb/Sep,,,,,,51
Master of Sustainable Systems,Masters,1.5 Years,3,2000,,28500,Feb/Sep,,,,,,51
Master of Technology and Innovation Management,Masters,1.5 Years,3,2000,,28500,Feb/Sep,,,,,,51
